{
  "average_confidence": 0.7026666666666667,
  "average_generation_latency_ms": 3.063058337041487,
  "correct_severity_rate": 0.7333333333333333,
  "evidence_coverage_rate": 0.8666666666666667,
  "insufficient_evidence_rate": 0.13333333333333333,
  "migration_plan_rate": 1.0,
  "schema_valid_output_rate": 1.0,
  "total_cases": 15,
  "unsupported_claim_rate": 0.0
}
