{
    "root_group": {
        "path": "",
        "id": "d41d8cd98f00b204e9800998ecf8427e",
        "groups": {},
        "checks": {
                "status 200": {
                    "passes": 10000,
                    "fails": 0,
                    "name": "status 200",
                    "path": "::status 200",
                    "id": "fad9fa412b86fcb03bee97c80dcd61f1"
                },
                "no server error": {
                    "name": "no server error",
                    "path": "::no server error",
                    "id": "a1f3113ea5fdb60d3f1dd8478ffb294b",
                    "passes": 10000,
                    "fails": 0
                }
            },
        "name": ""
    },
    "metrics": {
        "checks": {
            "passes": 20000,
            "fails": 0,
            "value": 1
        },
        "vus": {
            "value": 10,
            "min": 10,
            "max": 25
        },
        "http_req_receiving": {
            "p(95)": 0.342,
            "p(99)": 1.7310699999999994,
            "avg": 0.2151772000000001,
            "min": 0.014,
            "med": 0.088,
            "max": 309.023,
            "p(90)": 0.193
        },
        "data_received": {
            "count": 5006808,
            "rate": 18093.253733985297
        },
        "http_req_failed": {
            "passes": 0,
            "fails": 10000,
            "thresholds": {
                "rate<0.01": false
            },
            "value": 0
        },
        "http_reqs": {
            "count": 10000,
            "rate": 36.13730291631973
        },
        "iteration_duration": {
            "p(99)": 8308.121955509994,
            "avg": 689.7635795515992,
            "min": 3.64225,
            "med": 201.56320799999997,
            "max": 27932.577041,
            "p(90)": 1403.4883122000003,
            "p(95)": 2512.4379294499995
        },
        "vus_max": {
            "value": 25,
            "min": 25,
            "max": 25
        },
        "http_req_blocked": {
            "avg": 0.06998069999999405,
            "min": 0.001,
            "med": 0.005,
            "max": 26.1,
            "p(90)": 0.009,
            "p(95)": 0.013,
            "p(99)": 0.053
        },
        "http_req_connecting": {
            "med": 0,
            "max": 8.612,
            "p(90)": 0,
            "p(95)": 0,
            "p(99)": 0,
            "avg": 0.015587199999999999,
            "min": 0
        },
        "http_req_duration": {
            "max": 27900.811,
            "p(90)": 1402.9298000000003,
            "p(95)": 2512.2199499999997,
            "p(99)": 8307.753519999993,
            "avg": 689.3482925999955,
            "min": 3.492,
            "med": 201.24450000000002,
            "thresholds": {
                "p(95)<2000": true
            }
        },
        "http_req_duration{expected_response:true}": {
            "avg": 689.3482925999955,
            "min": 3.492,
            "med": 201.24450000000002,
            "max": 27900.811,
            "p(90)": 1402.9298000000003,
            "p(95)": 2512.2199499999997,
            "p(99)": 8307.753519999993
        },
        "http_req_waiting": {
            "p(99)": 8307.616809999994,
            "avg": 689.0979056000012,
            "min": 3.379,
            "med": 201.005,
            "max": 27900.647,
            "p(90)": 1401.7302000000002,
            "p(95)": 2512.0946
        },
        "http_req_tls_handshaking": {
            "p(95)": 0,
            "p(99)": 0,
            "avg": 0,
            "min": 0,
            "med": 0,
            "max": 0,
            "p(90)": 0
        },
        "iterations": {
            "count": 10000,
            "rate": 36.13730291631973
        },
        "data_sent": {
            "count": 3151911,
            "rate": 11390.156257228024
        },
        "http_req_sending": {
            "avg": 0.03520979999999962,
            "min": 0.005,
            "med": 0.025,
            "max": 4.894,
            "p(90)": 0.045,
            "p(95)": 0.062,
            "p(99)": 0.1910099999999999
        }
    }
}