{
    "root_group": {
        "name": "",
        "path": "",
        "id": "d41d8cd98f00b204e9800998ecf8427e",
        "groups": {},
        "checks": {
                "status 200": {
                    "passes": 25000,
                    "fails": 0,
                    "name": "status 200",
                    "path": "::status 200",
                    "id": "fad9fa412b86fcb03bee97c80dcd61f1"
                },
                "no server error": {
                    "name": "no server error",
                    "path": "::no server error",
                    "id": "a1f3113ea5fdb60d3f1dd8478ffb294b",
                    "passes": 25000,
                    "fails": 0
                }
            }
    },
    "metrics": {
        "data_sent": {
            "count": 7879801,
            "rate": 363780.34757227736
        },
        "http_reqs": {
            "count": 25000,
            "rate": 1154.154614984177
        },
        "http_req_connecting": {
            "med": 0,
            "max": 4.63,
            "p(90)": 0,
            "p(95)": 0,
            "p(99)": 0,
            "avg": 0.0006854,
            "min": 0
        },
        "http_req_receiving": {
            "p(99)": 0.15400999999999979,
            "avg": 0.03212844000000001,
            "min": 0.004,
            "med": 0.02,
            "max": 22.577,
            "p(90)": 0.055,
            "p(95)": 0.076
        },
        "data_received": {
            "count": 12543965,
            "rate": 579107.0037979997
        },
        "vus": {
            "value": 25,
            "min": 25,
            "max": 25
        },
        "http_req_waiting": {
            "avg": 21.501790080000045,
            "min": 9.925,
            "med": 17.7855,
            "max": 253.792,
            "p(90)": 27.01320000000001,
            "p(95)": 48.240249999999996,
            "p(99)": 77.62902000000001
        },
        "http_req_blocked": {
            "max": 7.263,
            "p(90)": 0.004,
            "p(95)": 0.004,
            "p(99)": 0.011,
            "avg": 0.005313360000000896,
            "min": 0,
            "med": 0.002
        },
        "vus_max": {
            "min": 25,
            "max": 25,
            "value": 25
        },
        "http_req_duration": {
            "avg": 21.547531919999905,
            "min": 9.96,
            "med": 17.826,
            "max": 253.877,
            "p(90)": 27.088600000000003,
            "p(95)": 48.26449999999999,
            "p(99)": 77.68154999999999,
            "thresholds": {
                "p(95)<2000": false
            }
        },
        "http_req_sending": {
            "min": 0.001,
            "med": 0.008,
            "max": 5.446,
            "p(90)": 0.016,
            "p(95)": 0.02,
            "p(99)": 0.044,
            "avg": 0.013613399999998261
        },
        "iterations": {
            "count": 25000,
            "rate": 1154.154614984177
        },
        "http_req_duration{expected_response:true}": {
            "max": 253.877,
            "p(90)": 27.088600000000003,
            "p(95)": 48.26449999999999,
            "p(99)": 77.68154999999999,
            "avg": 21.547531919999905,
            "min": 9.96,
            "med": 17.826
        },
        "http_req_tls_handshaking": {
            "p(99)": 0,
            "avg": 0,
            "min": 0,
            "med": 0,
            "max": 0,
            "p(90)": 0,
            "p(95)": 0
        },
        "iteration_duration": {
            "p(99)": 77.81164815999999,
            "avg": 21.64186492408,
            "min": 10.082334,
            "med": 17.9143125,
            "max": 254.040167,
            "p(90)": 27.248983900000002,
            "p(95)": 48.33111105
        },
        "checks": {
            "passes": 50000,
            "fails": 0,
            "value": 1
        },
        "http_req_failed": {
            "passes": 0,
            "fails": 25000,
            "thresholds": {
                "rate<0.01": false
            },
            "value": 0
        }
    }
}