{
    "metrics": {
        "data_sent": {
            "count": 315156,
            "rate": 264092.8543356408
        },
        "iteration_duration": {
            "max": 436.984625,
            "p(90)": 29.7364959,
            "p(95)": 52.07853334999992,
            "p(99)": 404.8488682499999,
            "avg": 29.607950106999994,
            "min": 2.248375,
            "med": 17.6400625
        },
        "checks": {
            "passes": 2000,
            "fails": 0,
            "value": 1
        },
        "http_req_connecting": {
            "p(95)": 0,
            "p(99)": 1.0892999999999997,
            "avg": 0.020873,
            "min": 0,
            "med": 0,
            "max": 1.327,
            "p(90)": 0
        },
        "http_req_tls_handshaking": {
            "avg": 0,
            "min": 0,
            "med": 0,
            "max": 0,
            "p(90)": 0,
            "p(95)": 0,
            "p(99)": 0
        },
        "http_reqs": {
            "count": 1000,
            "rate": 837.9750166128546
        },
        "http_req_blocked": {
            "avg": 0.09498100000000048,
            "min": 0,
            "med": 0.002,
            "max": 5.359,
            "p(90)": 0.004,
            "p(95)": 0.005,
            "p(99)": 3.6382899999999996
        },
        "http_req_receiving": {
            "p(90)": 0.05110000000000002,
            "p(95)": 0.064,
            "p(99)": 0.11107999999999993,
            "avg": 0.02634700000000002,
            "min": 0.005,
            "med": 0.02,
            "max": 0.516
        },
        "data_received": {
            "count": 501764,
            "rate": 420465.6962357324
        },
        "vus": {
            "value": 25,
            "min": 25,
            "max": 25
        },
        "http_req_duration{expected_response:true}": {
            "min": 2.157,
            "med": 17.546999999999997,
            "max": 432.44,
            "p(90)": 29.6291,
            "p(95)": 52.00079999999992,
            "p(99)": 399.7938799999999,
            "avg": 29.415475999999952
        },
        "iterations": {
            "count": 1000,
            "rate": 837.9750166128546
        },
        "vus_max": {
            "value": 25,
            "min": 25,
            "max": 25
        },
        "http_req_sending": {
            "avg": 0.02182900000000005,
            "min": 0.001,
            "med": 0.008,
            "max": 1.38,
            "p(90)": 0.016,
            "p(95)": 0.023049999999999956,
            "p(99)": 0.27810999999999636
        },
        "http_req_duration": {
            "p(90)": 29.6291,
            "p(95)": 52.00079999999992,
            "p(99)": 399.7938799999999,
            "avg": 29.415475999999952,
            "min": 2.157,
            "med": 17.546999999999997,
            "max": 432.44,
            "thresholds": {
                "p(95)<2000": false
            }
        },
        "http_req_failed": {
            "passes": 0,
            "fails": 1000,
            "thresholds": {
                "rate<0.01": false
            },
            "value": 0
        },
        "http_req_waiting": {
            "p(95)": 51.96129999999992,
            "p(99)": 398.9334199999999,
            "avg": 29.367299999999975,
            "min": 2.116,
            "med": 17.523,
            "max": 432.339,
            "p(90)": 29.5848
        }
    },
    "root_group": {
        "name": "",
        "path": "",
        "id": "d41d8cd98f00b204e9800998ecf8427e",
        "groups": {},
        "checks": {
                "status 200": {
                    "passes": 1000,
                    "fails": 0,
                    "name": "status 200",
                    "path": "::status 200",
                    "id": "fad9fa412b86fcb03bee97c80dcd61f1"
                },
                "no server error": {
                    "passes": 1000,
                    "fails": 0,
                    "name": "no server error",
                    "path": "::no server error",
                    "id": "a1f3113ea5fdb60d3f1dd8478ffb294b"
                }
            }
    }
}