{
    "root_group": {
        "name": "",
        "path": "",
        "id": "d41d8cd98f00b204e9800998ecf8427e",
        "groups": {},
        "checks": {
                "status 200": {
                    "name": "status 200",
                    "path": "::status 200",
                    "id": "fad9fa412b86fcb03bee97c80dcd61f1",
                    "passes": 5000,
                    "fails": 0
                },
                "no server error": {
                    "name": "no server error",
                    "path": "::no server error",
                    "id": "a1f3113ea5fdb60d3f1dd8478ffb294b",
                    "passes": 5000,
                    "fails": 0
                }
            }
    },
    "metrics": {
        "http_req_failed": {
            "fails": 5000,
            "passes": 0,
            "thresholds": {
                "rate<0.01": false
            },
            "value": 0
        },
        "http_req_waiting": {
            "avg": 21.00516580000002,
            "min": 10.419,
            "med": 18.201,
            "max": 146.04,
            "p(90)": 25.340600000000002,
            "p(95)": 35.113749999999996,
            "p(99)": 60.64431999999964
        },
        "iterations": {
            "count": 5000,
            "rate": 1180.9989550521245
        },
        "checks": {
            "passes": 10000,
            "fails": 0,
            "value": 1
        },
        "http_req_receiving": {
            "med": 0.018,
            "max": 2.341,
            "p(90)": 0.052,
            "p(95)": 0.062,
            "p(99)": 0.113,
            "avg": 0.026265600000000375,
            "min": 0.005
        },
        "http_req_connecting": {
            "max": 0.428,
            "p(90)": 0,
            "p(95)": 0,
            "p(99)": 0,
            "avg": 0.0016366,
            "min": 0,
            "med": 0
        },
        "data_received": {
            "count": 2508873,
            "rate": 592595.2782716977
        },
        "http_req_duration": {
            "min": 10.441,
            "med": 18.2365,
            "max": 146.057,
            "p(90)": 25.381400000000003,
            "p(95)": 35.155849999999994,
            "p(99)": 60.68977999999964,
            "avg": 21.040049399999965,
            "thresholds": {
                "p(95)<2000": false
            }
        },
        "http_req_blocked": {
            "p(95)": 0.004,
            "p(99)": 0.013,
            "avg": 0.01254879999999962,
            "min": 0,
            "med": 0.001,
            "max": 2.844,
            "p(90)": 0.003
        },
        "iteration_duration": {
            "min": 10.4995,
            "med": 18.311500000000002,
            "max": 146.100708,
            "p(90)": 25.41423750000001,
            "p(95)": 35.425228849999996,
            "p(99)": 60.83697107999964,
            "avg": 21.12645594140009
        },
        "http_req_tls_handshaking": {
            "p(95)": 0,
            "p(99)": 0,
            "avg": 0,
            "min": 0,
            "med": 0,
            "max": 0,
            "p(90)": 0
        },
        "data_sent": {
            "count": 1575924,
            "rate": 372232.91944831284
        },
        "http_reqs": {
            "count": 5000,
            "rate": 1180.9989550521245
        },
        "vus_max": {
            "value": 25,
            "min": 25,
            "max": 25
        },
        "http_req_duration{expected_response:true}": {
            "p(99)": 60.68977999999964,
            "avg": 21.040049399999965,
            "min": 10.441,
            "med": 18.2365,
            "max": 146.057,
            "p(90)": 25.381400000000003,
            "p(95)": 35.155849999999994
        },
        "http_req_sending": {
            "med": 0.007,
            "max": 0.398,
            "p(90)": 0.014,
            "p(95)": 0.017,
            "p(99)": 0.036,
            "avg": 0.008618000000000124,
            "min": 0.001
        },
        "vus": {
            "value": 25,
            "min": 25,
            "max": 25
        }
    }
}