{
    "root_group": {
        "path": "",
        "id": "d41d8cd98f00b204e9800998ecf8427e",
        "groups": {},
        "checks": {
                "status 200": {
                    "name": "status 200",
                    "path": "::status 200",
                    "id": "fad9fa412b86fcb03bee97c80dcd61f1",
                    "passes": 2973,
                    "fails": 22027
                },
                "no server error": {
                    "path": "::no server error",
                    "id": "a1f3113ea5fdb60d3f1dd8478ffb294b",
                    "passes": 25000,
                    "fails": 0,
                    "name": "no server error"
                }
            },
        "name": ""
    },
    "metrics": {
        "http_req_duration{expected_response:true}": {
            "med": 627.36,
            "max": 6500.913,
            "p(90)": 1711.9250000000004,
            "p(95)": 2544.6273999999994,
            "p(99)": 4733.291119999998,
            "avg": 867.004199461823,
            "min": 23.455
        },
        "http_req_connecting": {
            "avg": 0.1262867999999999,
            "min": 0,
            "med": 0,
            "max": 25.307,
            "p(90)": 0,
            "p(95)": 0.5090499999999989,
            "p(99)": 3.2691099999999977
        },
        "vus_max": {
            "value": 25,
            "min": 25,
            "max": 25
        },
        "http_reqs": {
            "count": 25000,
            "rate": 191.86826085757932
        },
        "checks": {
            "passes": 27973,
            "fails": 22027,
            "value": 0.55946
        },
        "http_req_blocked": {
            "p(90)": 0.008,
            "p(95)": 0.596,
            "p(99)": 4.0290599999999985,
            "avg": 0.1516397999999996,
            "min": 0,
            "med": 0,
            "max": 30.765
        },
        "iterations": {
            "count": 25000,
            "rate": 191.86826085757932
        },
        "http_req_failed": {
            "passes": 22027,
            "fails": 2973,
            "thresholds": {
                "rate<0.01": true
            },
            "value": 0.88108
        },
        "http_req_duration": {
            "med": 0,
            "max": 15020.514,
            "p(90)": 266.49030000000016,
            "p(95)": 740.3695999999999,
            "p(99)": 2045.2893399999991,
            "avg": 120.72072875999986,
            "min": 0,
            "thresholds": {
                "p(95)<2000": false
            }
        },
        "http_req_tls_handshaking": {
            "avg": 0,
            "min": 0,
            "med": 0,
            "max": 0,
            "p(90)": 0,
            "p(95)": 0,
            "p(99)": 0
        },
        "http_req_receiving": {
            "p(99)": 1.0940799999999984,
            "avg": 0.07620320000000008,
            "min": 0,
            "med": 0,
            "max": 194.626,
            "p(90)": 0.048,
            "p(95)": 0.1
        },
        "data_received": {
            "count": 1487130,
            "rate": 11413.321870765278
        },
        "request_error_transport_total": {
            "count": 22027,
            "rate": 169.05128727639598
        },
        "http_req_sending": {
            "avg": 0.055739319999999835,
            "min": 0,
            "med": 0,
            "max": 28.405,
            "p(90)": 0.029,
            "p(95)": 0.074,
            "p(99)": 1.2430199999999996
        },
        "iteration_duration": {
            "avg": 130.08509657787903,
            "min": 0.097042,
            "med": 6.2243335,
            "max": 15041.7685,
            "p(90)": 270.64039200000013,
            "p(95)": 740.7426964499999,
            "p(99)": 2045.8726294999992
        },
        "vus": {
            "value": 25,
            "min": 25,
            "max": 25
        },
        "http_req_waiting": {
            "p(90)": 266.16310000000016,
            "p(95)": 739.5867499999993,
            "p(99)": 2040.290929999998,
            "avg": 120.58878623999995,
            "min": 0,
            "med": 0,
            "max": 15020.443
        },
        "data_sent": {
            "count": 1585980,
            "rate": 12171.968974196145
        }
    }
}