{
    "root_group": {
        "path": "",
        "id": "d41d8cd98f00b204e9800998ecf8427e",
        "groups": {},
        "checks": {
                "status 200": {
                    "fails": 0,
                    "name": "status 200",
                    "path": "::status 200",
                    "id": "fad9fa412b86fcb03bee97c80dcd61f1",
                    "passes": 1000
                },
                "no server error": {
                    "name": "no server error",
                    "path": "::no server error",
                    "id": "a1f3113ea5fdb60d3f1dd8478ffb294b",
                    "passes": 1000,
                    "fails": 0
                }
            },
        "name": ""
    },
    "metrics": {
        "http_req_receiving": {
            "avg": 0.5139189999999996,
            "min": 0.047,
            "med": 0.094,
            "max": 326.797,
            "p(90)": 0.1964000000000001,
            "p(95)": 0.398,
            "p(99)": 2.2635899999999984
        },
        "checks": {
            "passes": 2000,
            "fails": 0,
            "value": 1
        },
        "http_req_blocked": {
            "p(99)": 6.744619999999999,
            "avg": 0.17874799999999721,
            "min": 0.003,
            "med": 0.006,
            "max": 8.027,
            "p(90)": 0.011,
            "p(95)": 0.021099999999999914
        },
        "http_req_failed": {
            "passes": 0,
            "fails": 1000,
            "thresholds": {
                "rate<0.01": false
            },
            "value": 0
        },
        "vus": {
            "value": 1,
            "min": 1,
            "max": 25
        },
        "http_req_sending": {
            "med": 0.026,
            "max": 1.492,
            "p(90)": 0.054,
            "p(95)": 0.10404999999999995,
            "p(99)": 1.13407,
            "avg": 0.05376200000000024,
            "min": 0.015
        },
        "http_req_duration{expected_response:true}": {
            "max": 10024.125,
            "p(90)": 2391.8285,
            "p(95)": 4164.8182,
            "p(99)": 7283.981879999999,
            "avg": 985.061061999999,
            "min": 136.196,
            "med": 455.469
        },
        "http_req_tls_handshaking": {
            "avg": 0,
            "min": 0,
            "med": 0,
            "max": 0,
            "p(90)": 0,
            "p(95)": 0,
            "p(99)": 0
        },
        "data_received": {
            "count": 500154,
            "rate": 12503.467393897747
        },
        "iteration_duration": {
            "min": 136.389708,
            "med": 455.72072949999995,
            "max": 10024.310333,
            "p(90)": 2392.0139714,
            "p(95)": 4171.95230835,
            "p(99)": 7292.77896833,
            "avg": 985.5743133589981
        },
        "http_reqs": {
            "count": 1000,
            "rate": 24.999235023408282
        },
        "http_req_duration": {
            "p(95)": 4164.8182,
            "p(99)": 7283.981879999999,
            "avg": 985.061061999999,
            "min": 136.196,
            "med": 455.469,
            "max": 10024.125,
            "p(90)": 2391.8285,
            "thresholds": {
                "p(95)<2000": true
            }
        },
        "http_req_connecting": {
            "med": 0,
            "max": 2.506,
            "p(90)": 0,
            "p(95)": 0,
            "p(99)": 1.3755699999999995,
            "avg": 0.033694,
            "min": 0
        },
        "vus_max": {
            "value": 25,
            "min": 25,
            "max": 25
        },
        "http_req_waiting": {
            "avg": 984.493381,
            "min": 136.095,
            "med": 455.315,
            "max": 10023.985,
            "p(90)": 2391.7265,
            "p(95)": 4163.769949999999,
            "p(99)": 7283.86695
        },
        "data_sent": {
            "count": 315033,
            "rate": 7875.5840071293815
        },
        "iterations": {
            "count": 1000,
            "rate": 24.999235023408282
        }
    }
}