{
    "root_group": {
        "checks": {
            "status 200": {
                "path": "::status 200",
                "id": "fad9fa412b86fcb03bee97c80dcd61f1",
                "passes": 100000,
                "fails": 0,
                "name": "status 200"
            },
            "no server error": {
                "path": "::no server error",
                "id": "a1f3113ea5fdb60d3f1dd8478ffb294b",
                "passes": 100000,
                "fails": 0,
                "name": "no server error"
            }
        },
        "name": "",
        "path": "",
        "id": "d41d8cd98f00b204e9800998ecf8427e",
        "groups": {}
    },
    "metrics": {
        "data_received": {
            "count": 50177931,
            "rate": 651855.6014054316
        },
        "http_req_waiting": {
            "avg": 19.10263667000009,
            "min": 2.421,
            "med": 15.444,
            "max": 809.212,
            "p(90)": 23.005200000000002,
            "p(95)": 42.194,
            "p(99)": 62.899279999999976
        },
        "checks": {
            "passes": 200000,
            "fails": 0,
            "value": 1
        },
        "data_sent": {
            "count": 31525287,
            "rate": 409541.29648876586
        },
        "vus_max": {
            "value": 25,
            "min": 25,
            "max": 25
        },
        "http_req_failed": {
            "passes": 0,
            "fails": 100000,
            "thresholds": {
                "rate<0.01": false
            },
            "value": 0
        },
        "http_reqs": {
            "rate": 1299.0882414132054,
            "count": 100000
        },
        "http_req_duration{expected_response:true}": {
            "med": 15.479,
            "max": 809.352,
            "p(90)": 23.075200000000002,
            "p(95)": 42.226049999999994,
            "p(99)": 62.958569999999945,
            "avg": 19.14155245000011,
            "min": 2.444
        },
        "http_req_sending": {
            "max": 4.275,
            "p(90)": 0.013,
            "p(95)": 0.017,
            "p(99)": 0.041,
            "avg": 0.009787819999996256,
            "min": 0.001,
            "med": 0.007
        },
        "iterations": {
            "rate": 1299.0882414132054,
            "count": 100000
        },
        "http_req_receiving": {
            "avg": 0.029127959999996986,
            "min": 0.004,
            "med": 0.018,
            "max": 16.46,
            "p(90)": 0.048,
            "p(95)": 0.059,
            "p(99)": 0.146
        },
        "iteration_duration": {
            "p(90)": 23.184753800000003,
            "p(95)": 42.31521454999999,
            "p(99)": 63.303230079999985,
            "avg": 19.22984248728984,
            "min": 2.539958,
            "med": 15.5605,
            "max": 809.712791
        },
        "http_req_connecting": {
            "med": 0,
            "max": 0.632,
            "p(90)": 0,
            "p(95)": 0,
            "p(99)": 0,
            "avg": 0.00010932999999999998,
            "min": 0
        },
        "http_req_blocked": {
            "p(90)": 0.003,
            "p(95)": 0.004,
            "p(99)": 0.01,
            "avg": 0.002855250000001649,
            "min": 0,
            "med": 0.001,
            "max": 8.899
        },
        "http_req_tls_handshaking": {
            "p(95)": 0,
            "p(99)": 0,
            "avg": 0,
            "min": 0,
            "med": 0,
            "max": 0,
            "p(90)": 0
        },
        "vus": {
            "value": 25,
            "min": 25,
            "max": 25
        },
        "http_req_duration": {
            "p(95)": 42.226049999999994,
            "p(99)": 62.958569999999945,
            "avg": 19.14155245000011,
            "min": 2.444,
            "med": 15.479,
            "max": 809.352,
            "p(90)": 23.075200000000002,
            "thresholds": {
                "p(95)<2000": false
            }
        }
    }
}