{
    "root_group": {
        "checks": {
            "status 200": {
                "passes": 5000,
                "fails": 0,
                "name": "status 200",
                "path": "::status 200",
                "id": "fad9fa412b86fcb03bee97c80dcd61f1"
            },
            "no server error": {
                "name": "no server error",
                "path": "::no server error",
                "id": "a1f3113ea5fdb60d3f1dd8478ffb294b",
                "passes": 5000,
                "fails": 0
            }
        },
        "name": "",
        "path": "",
        "id": "d41d8cd98f00b204e9800998ecf8427e",
        "groups": {}
    },
    "metrics": {
        "http_req_blocked": {
            "max": 6.997,
            "p(90)": 0.01,
            "p(95)": 0.013,
            "p(99)": 0.06707999999999965,
            "avg": 0.034534399999997335,
            "min": 0.002,
            "med": 0.006
        },
        "iterations": {
            "count": 5000,
            "rate": 37.84410060690659
        },
        "checks": {
            "fails": 0,
            "passes": 10000,
            "value": 1
        },
        "http_req_duration": {
            "p(90)": 1555.8901,
            "p(95)": 2367.196,
            "p(99)": 5459.57949,
            "avg": 659.3767490000014,
            "min": 9.501,
            "med": 307.014,
            "max": 13392.821,
            "thresholds": {
                "p(95)<2000": true
            }
        },
        "http_req_sending": {
            "p(90)": 0.048,
            "p(95)": 0.066,
            "p(99)": 0.20114999999999936,
            "avg": 0.036563800000000014,
            "min": 0.007,
            "med": 0.026,
            "max": 3.95
        },
        "http_req_failed": {
            "passes": 0,
            "fails": 5000,
            "thresholds": {
                "rate<0.01": false
            },
            "value": 0
        },
        "http_req_duration{expected_response:true}": {
            "med": 307.014,
            "max": 13392.821,
            "p(90)": 1555.8901,
            "p(95)": 2367.196,
            "p(99)": 5459.57949,
            "avg": 659.3767490000014,
            "min": 9.501
        },
        "http_reqs": {
            "count": 5000,
            "rate": 37.84410060690659
        },
        "vus_max": {
            "value": 25,
            "min": 25,
            "max": 25
        },
        "data_sent": {
            "count": 1575815,
            "rate": 11927.060279574504
        },
        "http_req_tls_handshaking": {
            "med": 0,
            "max": 0,
            "p(90)": 0,
            "p(95)": 0,
            "p(99)": 0,
            "avg": 0,
            "min": 0
        },
        "http_req_connecting": {
            "p(99)": 0,
            "avg": 0.006305999999999999,
            "min": 0,
            "med": 0,
            "max": 2.659,
            "p(90)": 0,
            "p(95)": 0
        },
        "http_req_waiting": {
            "min": 9.396,
            "med": 306.9145,
            "max": 13392.727,
            "p(90)": 1555.7665000000002,
            "p(95)": 2367.0481,
            "p(99)": 5458.995999999999,
            "avg": 659.1643210000011
        },
        "vus": {
            "value": 8,
            "min": 8,
            "max": 25
        },
        "http_req_receiving": {
            "min": 0.02,
            "med": 0.093,
            "max": 54.773,
            "p(90)": 0.191,
            "p(95)": 0.313,
            "p(99)": 1.5976499999999971,
            "avg": 0.17586420000000064
        },
        "iteration_duration": {
            "p(95)": 2367.4684723,
            "p(99)": 5459.8214474999995,
            "avg": 659.7146044085979,
            "min": 9.7165,
            "med": 307.258771,
            "max": 13392.990625,
            "p(90)": 1556.0739756
        },
        "data_received": {
            "count": 2501846,
            "rate": 18936.022345397367
        }
    }
}